<?xml version="1.0" encoding="utf-8" ?>
<Defs>

  <ResearchProjectDef>
    <tab>SRTSE</tab>
    <defName>Research_ValkyrieGunship40K</defName>
    <label>The Valkyrie Gunship</label>
    <description>Grant access to the Astra Militarum's renowned Gunship, Valkyrie's STC, Allowing construction and deployment of one of the Militarum's finest weapon, The Emperor Protects.</description>
    <baseCost>38000</baseCost>
    <techLevel>Ultra</techLevel>
    <prerequisites>
      <li>Research_SRTSMk2</li>
    </prerequisites>
    <researchViewX>3</researchViewX>
    <researchViewY>0</researchViewY>
    <requiredResearchBuilding>HiTechResearchBench</requiredResearchBuilding>
    <requiredResearchFacilities>
      <li>MultiAnalyzer</li>
    </requiredResearchFacilities>
  </ResearchProjectDef>
  
</Defs>